t,x,y,z,vx,vy,vz,ax,ay,az,yaw,yaw_rate,qw,qx,qy,qz,thrust_N,roll,pitch
0,1.5,0,1,0,4,0,-10.6666666666667,0,0,0,0,0.915677876405488,0,-0.401912959061456,0,3.39109420270213,0,-0.827210017118799
0.02,1.49786717229774,0.079962079467618,1,-0.213232211913649,3.99431245946063,0,-10.651499891895,-0.56861923176973,0,0,0,0.915604233464174,0.026513435983169,-0.401037484998475,-0.011612966931279,3.39109420270213,0.085275580256503,-0.823850710310714
0.04,1.49147475446295,0.159696765150944,1,-0.425858040402518,3.97726601190121,0,-10.6060426984032,-1.13562144107338,0,0,0,0.915389359886072,0.052807150113141,-0.39842870323116,-0.022984628468405,3.39109420270213,0.168268469920663,-0.813953276884566
0.06,1.48084092506344,0.238977309921369,1,-0.637272826456984,3.94890913350251,0,-10.5304243560067,-1.69939420388529,0,0,0,0.915050657975333,0.078671631540439,-0.394138048216994,-0.033886083830597,3.39109420270213,0.24700152211855,-0.798028032038964
0.08,1.4659959242671,0.31757825812271,1,-0.846875354993893,3.90932246471226,0,-10.4248599058994,-2.25833427998371,0,0,0,0.914614743634533,0.103916523952929,-0.388246548872074,-0.044111722532683,3.39109420270213,0.320015364158041,-0.776832619848895
0.1,1.44698196784585,0.395276086715303,1,-1.05406956457414,3.85861858092226,0,-10.289649549126,-2.81085217219771,0,0,0,0.914114363991653,0.128377317822684,-0.380858623284532,-0.053487408636054,3.39109420270213,0.386442711230812,-0.751264638032931
0.12,1.42385312712366,0.471849840924177,1,-1.25826624246447,3.79694167232976,0,-10.1251777928794,-3.35537664657192,0,0,0,0.913584925304736,0.151919277220581,-0.372094826449269,-0.061875339145767,3.39109420270213,0.445960364857567,-0.722257690724153
0.14,1.39667517521016,0.547081762583675,1,-1.45888470022313,3.72446713389377,0,-9.93191235705005,-3.89035920059502,0,0,0,0.913061178478955,0.174438594392944,-0.362084525280699,-0.069175557049333,3.39109420270213,0.498669516011431,-0.690699966801691
0.16,1.36552539995699,0.620757909391649,1,-1.6553544250444,3.64140106655198,0,-9.71040284413862,-4.41427846678506,0,0,0,0.912574478722549,0.195861175604884,-0.350959294722634,-0.075324591752839,3.39109420270213,0.544956572372518,-0.65738214039557
0.18,1.33049238416893,0.692668763312224,1,-1.84711670216593,3.54797969111714,0,-9.46127917631236,-4.92564453910915,0,0,0,0.912150848163832,0.216139699917333,-0.338847542091102,-0.080291989217273,3.39109420270213,0.585369152455513,-0.622972166534157
0.2,1.29167575369472,0.762609826396952,1,-2.0336262037252,3.44446867651924,0,-9.18524980405131,-5.42300320993388,0,0,0,0.91180988779772,0.235249652699251,-0.325870568733075,-0.084075572271454,3.39109420270213,0.620521962960998,-0.588010197874832
0.22,1.24918589411407,0.830382202330001,1,-2.21435253954667,3.3311623843042,0,-8.88309969147786,-5.90494010545778,0,0,0,0.911564448798662,0.253184960995107,-0.312140036181586,-0.086696188064155,3.39109420270213,0.651033582633526,-0.552916250737409
0.24,1.20314363682644,0.895793162043588,1,-2.38878176544957,3.20838303153717,0,-8.55568808409912,-6.37008470786551,0,0,0,0.911420897061294,0.269953709878451,-0.297756647590607,-0.088192526545339,3.39109420270213,0.677488671040989,-0.518004552635416
0.26,1.15367991543424,0.958656691795168,1,-2.55641784478711,3.07647977449129,0,-8.20394606531012,-6.81711425276564,0,0,0,0.911379782310202,0.285574252639825,-0.282809782169467,-0.088616396534006,3.39109420270213,0.700418503335636,-0.483500327495356
0.28,1.10093539339779,1.01879402214778,1,-2.71678405906076,2.93582771572743,0,-7.82887390860648,-7.24475749082869,0,0,0,0.911436737736213,0.300071879593039,-0.267377810857664,-0.088028668303199,3.39109420270213,0.7202935088193,-0.449556411588907
0.3,1.04506006402075,1.07603413634928,1,-2.86942436359809,2.78682683738866,0,-7.43153823303643,-7.65179830292824,0,0,0,0.911583470196942,0.313476097515534,-0.251528851124413,-0.086495954831226,3.39109420270213,0.737523029531743,-0.416268310235428
0.32,0.986212823903611,1.13021425666467,1,-3.01390468443911,2.62990086374296,0,-7.01306896998124,-8.03707915850429,0,0,0,0.911808740689638,0.325818496915851,-0.235321766373261,-0.084088011871139,3.39109420270213,0.752459016633151,-0.38368710849391
0.34,0.924561021078275,1.18118030727857,1,-3.14981415274285,2.46549605620873,0,-6.57465614988995,-8.39950440731428,0,0,0,0.912099271418355,0.337131141997015,-0.218807266235206,-0.080875783869895,3.39109420270213,0.765401567237848,-0.351830128981994
0.36,0.860279979108685,1.2287873524515,1,-3.27676627320399,2.29407994428983,0,-6.1175465181062,-8.73804339521065,0,0,0,0.912440545253925,0.347445399918263,-0.20202900964261,-0.076929998798807,3.39109420270213,0.776605042514142,-0.320689486747521
0.38,0.7935524985109,1.27290000868376,1,-3.39440002315668,2.11613999602907,0,-5.64303998941085,-9.05173339508449,0,0,0,0.91281748477475,0.356791123450283,-0.185024649408182,-0.072320210370017,3.39109420270213,0.786284060771863,-0.290238806668085
0.4,0.724568336910415,1.31339282971504,1,-3.5023808792401,1.93218223176111,0,-5.15248595136295,-9.33968234464027,0,0,0,0.91321501216912,0.365196107660126,-0.167826784547133,-0.067114192891057,3.39109420270213,0.794619005324076,-0.260438401676166
0.42,0.653523669415068,1.35015066326476,1,-3.60040176870602,1.74272978510685,0,-4.6472794269516,-9.60107138321605,0,0,0,0.913618499580473,0.372685752074135,-0.150463805822104,-0.061377606362499,3.39109420270213,0.801760893521595,-0.231239198641051
0.44,0.580620530738103,1.38306897849869,1,-3.68818394266317,1.54832141530161,0,-4.12885710747095,-9.83515718043511,0,0,0,0.914014123586266,0.379282871794787,-0.132960632612194,-0.055173863588602,3.39109420270213,0.807835570450162,-0.202585666649389
0.46,0.506066240657855,1.41205416329064,1,-3.76547776877504,1.34950997508761,0,-3.59869326690031,-10.0412740500668,0,0,0,0.914389138809955,0.385007612543769,-0.115339346906781,-0.048564144848364,3.39109420270213,0.812947252541051,-0.174417963403127
0.48,0.430072814447934,1.43702379043384,1,-3.8320634411569,1.14686083852782,0,-3.05829556940753,-10.2188358430851,0,0,0,0.914732085251511,0.389877434717852,-0.097619734477014,-0.041607517949118,3.39109420270213,0.817181475053917,-0.146673476846955
0.5,0.352856359954484,1.45790685204497,1,-3.88775160545325,0.940950293211957,0,-2.50920078189855,-10.367337614542,0,0,0,0.915032942553447,0.393907139983393,-0.079819745249151,-0.034361131827185,3.39109420270213,0.820607507053234,-0.119287904474048
0.52,0.274636463035127,1.47464396149428,1,-3.93238389731809,0.732363901427004,0,-1.95297040380534,-10.4863570595149,0,0,0,0.915283242606348,0.39710892072394,-0.061955885458959,-0.026880460235504,3.39109420270213,0.823280296667081,-0.092195983380841
0.54,0.195635563107218,1.48718752228753,1,-3.96583339276675,0.521694834952582,0,-1.39118622654022,-10.5755557140447,0,0,0,0.915476149954582,0.399492417975641,-0.044043553915546,-0.019219578632207,3.39109420270213,0.825242003158629,-0.065331960226647
0.56,0.116078320581252,1.49550186341945,1,-3.98800496911852,0.309542188216672,0,-0.82544583524446,-10.6346799176494,0,0,0,0.915606517564081,0.401064777581496,-0.02609733406004,-0.011431462401672,3.39109420270213,0.826523163558456,-0.038629871425061
0.58,0.036190977978263,1.49956334081391,1,-3.99883557550376,0.096509274608701,0,-0.257358065623201,-10.6635615346767,0,0,0,0.915670923741727,0.401830697421707,-0.008131252739905,-0.00356829825505,3.39109420270213,0.827143531879288,-0.012023689569105
0.6,-0.043799283451933,1.49936040456226,1,-3.99829441216602,-0.116798089205154,0,0.311461571213745,-10.6621184324427,0,0,0,0.915667694371546,0.401792460971526,0.009840984096141,0.004318196702445,3.39109420270213,0.827112619050642,0.014552618325579
0.62,-0.123664989782014,1.49489363176857,1,-3.98638301804951,-0.329773306085372,0,0.879395482894324,-10.6303547147987,0,0,0,0.915596913141959,0.400949954313483,0.027805769141529,0.012176452002978,3.39109420270213,0.826429951990859,0.041165082197772
0.64,-0.203179021290752,1.48617572490851,1,-3.96313526642269,-0.541810723442006,0,1.44482859584535,-10.5683607104605,0,0,0,0.915460421044554,0.399300665277948,0.04574937562551,0.019954719727231,3.39109420270213,0.825085060734799,0.067879735385257
0.66,-0.28211525833932,1.47323147570643,1,-3.92861726855047,-0.75230735557152,0,2.00615294819072,-10.4763127161346,0,0,0,0.91526180508082,0.39683966477709,0.063657734181658,0.027600751777124,3.39109420270213,0.823057193172877,0.094762602810046
0.68,-0.360249224403598,1.45609769463337,1,-3.88292718568898,-0.960664598409594,0,2.56177226242558,-10.3544724951706,0,0,0,0.915006374766699,0.393559571796145,0.081516195379634,0.035061481354422,3.39109420270213,0.820314747587313,0.1218796360924
0.7,-0.437358724433839,1.43482310622655,1,-3.82619494993747,-1.16628993182357,0,3.11010648486285,-10.2031865331666,0,0,0,0.91470112362373,0.389450505076561,0.099309268233874,0.04228271254248,3.39109420270213,0.816814403653327,0.149296556498421
0.72,-0.513224476726347,1.40946821052799,1,-3.7585818947413,-1.36859860460359,0,3.64959627894291,-10.0228850526435,0,0,0,0.914354671343204,0.384500026441912,0.117020324421464,0.049208823714103,3.39109420270213,0.812499922831946,0.177078559299093
0.74,-0.587630736510266,1.38010511103626,1,-3.68028029609669,-1.56701529736071,0,4.17870745962856,-9.81408078959117,0,0,0,0.91397718067157,0.378693083171668,0.134631257215669,0.055782493222443,3.39109420270213,0.807300579192575,0.205289822353121
0.76,-0.660365909476143,1.34681730966072,1,-3.59151282576193,-1.76097575860305,0,4.6959353562748,-9.57736753536514,0,0,0,0.913580241279214,0.372011960035819,0.152122083379907,0.061944459660874,3.39109420270213,0.801129172023457,0.233992746998802
0.78,-0.731223153501539,1.30969946926127,1,-3.49253191803007,-1.94992840933744,0,5.1998090915665,-9.31341844808017,0,0,0,0.913176710967064,0.364436255805104,0.169470475647803,0.067633334132218,3.39109420270213,0.793879562961988,0.263246840051131
0.8,-0.8000009668625,1.26885714444892,1,-3.38361905186378,-2.13333591163333,0,5.68889576435556,-9.02298413830342,0,0,0,0.912780502625192,0.355942904501474,0.186651213220248,0.072785488703213,3.39109420270213,0.785423674483248,0.293107121276328
0.82,-0.866503761258178,1.2244064814127,1,-3.26508395043387,-2.31067669668848,0,6.1618045245026,-8.70689053449032,0,0,0,0.912406303570776,0.346506268592833,0.203635538370412,0.077335053777553,3.39109420270213,0.775607886489657,0.32362191081484
0.84,-0.930542418019019,1.17647388762663,1,-3.13726370033768,-2.48144644805072,0,6.61719052813525,-8.36603653423381,0,0,0,0.912069212589546,0.336098339937281,0.220390409394193,0.081214067653022,3.39109420270213,0.764248778782585,0.354829815902407
0.86,-0.991934825916816,1.12519567237587,1,-3.00052179300231,-2.64515953577818,0,7.05375876207514,-8.00139144800615,0,0,0,0.911784279717104,0.324689094547041,0.236877644668631,0.084352833972699,3.39109420270213,0.75112819834037,0.386755697395307
0.88,-1.0505063990472,1.07071765912442,1,-2.85524709099845,-2.80135039745921,0,7.4702677265579,-7.61399224266253,0,0,0,0.911565935320215,0.312247058837147,0.253052960680342,0.086680556656291,3.39109420270213,0.735987696235499,0.419405357848473
0.9,-1.10609057331187,1.01319477082673,1,-2.7018527222046,-2.94957486216498,0,7.86553296577328,-7.20494059254561,0,0,0,0.911427299481795,0.298740157028328,0.268864920062521,0.088126336005685,3.39109420270213,0.718522502939889,0.45275866205289
0.92,-1.15852928008857,0.952790589362356,1,-2.54077490496628,-3.08941141356951,0,8.23843043618537,-6.77539974657675,0,0,0,0.911379371474578,0.284136919935117,0.284253825640607,0.08862062169195,3.39109420270213,0.698375428222969,0.48676079247426
0.94,-1.20767339574199,0.88967689034672,1,-2.37247170759125,-3.22046238864531,0,8.58789970305415,-6.32659122024334,0,0,0,0.911430113836004,0.268408141285838,0.299150624858143,0.088097224311286,3.39109420270213,0.675131434427998,0.521311380796556
0.96,-1.25338316569711,0.824033154640691,1,-2.19742174570851,-3.34235510852563,0,8.91294695606835,-5.85979132188936,0,0,0,0.911583467700085,0.251529064033518,0.313475926680117,0.086495981145669,3.39109420270213,0.648314208539881,0.556251382887128
0.98,-1.2955286018691,0.756046057948257,1,-2.01612282119535,-3.4547429383176,0,9.21264783551359,-5.37632752318761,0,0,0,0.911838366276255,0.233482158936273,0.327139279390282,0.083766145459335,3.39109420270213,0.617386927636255,0.591347838623301
1,-1.33398985231956,0.685908939953718,1,-1.82909050654325,-3.55730627285217,0,9.48615006093911,-4.87757468411533,0,0,0,0.912187850507485,0.214260512615568,0.340038908649069,0.079870512236986,3.39109420270213,0.58176063103313,0.626277164220998
1.02,-1.36865754208794,0.613821254508027,1,-1.63685667868807,-3.64975344556783,0,9.73267585484755,-4.36495114316819,0,0,0,0.912618430532026,0.19387176401935,0.352062161808907,0.074790197163308,3.39109420270213,0.540815135325674,0.660608463909359
1.04,-1.39943308422874,0.539988002427863,1,-1.4399680064743,-3.73182155794331,0,9.95152415451549,-3.83991468393147,0,0,0,0.913109869478282,0.172342411798606,0.36308693140483,0.068529844592104,3.39109420270213,0.49393893970775,0.693789606816734
1.06,-1.4262289601702,0.464619148520409,1,-1.23898439605443,-3.80327722712053,0,10.1420726056548,-3.30395838947847,0,0,0,0.913635577997869,0.149722164295006,0.372984316265919,0.061122859512326,3.39109420270213,0.440595203386131,0.725140485084005
1.08,-1.44896896859696,0.387929024491666,1,-1.03447739864444,-3.8639172495919,0,10.3037793322451,-2.75860639638518,0,0,0,0.914163780948169,0.126087837398296,0.381622698383831,0.052636061222434,3.39109420270213,0.380418911861436,0.753859683788828
1.1,-1.46758844214913,0.310135719436325,1,-0.827028585163533,-3.91356917906435,0,10.4361844775049,-2.20540956043609,0,0,0,0.914659535770976,0.101546161915606,0.388873248837902,0.043172988797254,3.39109420270213,0.313343238149702,0.779051986850036
1.12,-1.48203443132138,0.231460459642483,1,-0.617227892379956,-3.95209181685702,0,10.5389115116187,-1.64594104634655,0,0,0,0.915087540389879,0.076234797657745,0.394616626978158,0.032875017287684,3.39109420270213,0.239738690287473,0.799783269665847
1.14,-1.49226585503919,0.152126979474903,1,-0.405671945266407,-3.97937561343784,0,10.6116683025009,-1.08179185404375,0,0,0,0.915415483312103,0.0503209272026,0.398750336610524,0.021919540390546,3.39109420270213,0.160528414203493,0.815164539259592
1.16,-1.49825361748397,0.072360885125875,1,-0.192962360335667,-3.99534297995725,0,10.6542479465527,-0.514566294228445,0,0,0,0.915617503447687,0.023997058093384,0.40119592204358,0.010514785717679,3.39109420270213,0.077226458850517,0.824457223402582
1.18,-1.4999806908349,-0.007610986956963,1,0.020295965218568,-3.99994850889306,0,10.6665293570482,0.054122573916182,0,0,0,0.915677205244699,-0.002525913869002,0.401905021641509,-0.001108663033623,3.39109420270213,-0.008149823429752,0.827179473196482
1.2,-1.49744216369213,-0.08756121514137,1,0.233496573710319,-3.99317910317901,0,10.6484776084774,0.622657529894183,0,0,0,0.91558967655334,-0.029027817365627,0.400863333918835,-0.01270895461532,3.39109420270213,-0.093303802030244,0.823184767484244
1.22,-1.49064525504368,-0.167262439345379,1,0.446033171587678,-3.97505401344981,0,10.6001440358662,1.18942179090047,0,0,0,0.91536210868298,-0.05528947340804,0.398091824572921,-0.024045442934437,3.39109420270213,-0.175969567236037,0.812687268285237
1.24,-1.47960929373629,-0.246488007597144,1,0.657301353592384,-3.94562478329676,0,10.5216660887914,1.75280360957969,0,0,0,0.915012891051382,-0.081102837802517,0.393644962322541,-0.034891009561995,3.39109420270213,-0.254212133001386,0.796224989031336
1.26,-1.46436566350861,-0.325012620581069,1,0.866700321549518,-3.90497510268964,0,10.4132669405057,2.31120085746538,0,0,0,0.914569366040776,-0.106279766428559,0.387606292401744,-0.045042735687761,3.39109420270213,-0.326627460773645,0.774573651429102
1.28,-1.44495771374311,-0.402612972337314,1,1.0736345928995,-3.85322056998162,0,10.2752548532843,2.86302558106534,0,0,0,0.914064684566301,-0.130658458344917,0.380082088402578,-0.054329787107747,3.39109420270213,-0.392403650840306,0.748638502556864
1.3,-1.42144063619031,-0.479068385292636,1,1.2775156941137,-3.79050836317415,0,10.1080223017977,3.40670851763652,0,0,0,0.913534326750671,-0.15410711163454,0.37119405276108,-0.062617946202849,3.39109420270213,-0.451263689942724,0.719351884424514
1.32,-1.39388130801619,-0.554161437816716,1,1.47776383417791,-3.71701682137649,0,9.91204485700398,3.94070355780776,0,0,0,0.913012826872527,-0.176524830109518,0.361072030232669,-0.069810825125483,3.39109420270213,-0.503341847405921,0.687594489493098
1.34,-1.36235810161885,-0.627678582519326,1,1.67380955338487,-3.63295493765028,0,9.68787983373408,4.46349214235965,0,0,0,0.912531102640502,-0.197840215030023,0.349847503890495,-0.075848269935277,3.39109420270213,-0.549044791439621,0.654146028414431
1.36,-1.32696066175548,-0.69941075353005,1,1.8650953427468,-3.53856176468127,0,9.43616470581671,4.97358758065813,0,0,0,0.912114599188218,-0.218008296482278,0.337648351582576,-0.080702734068811,3.39109420270213,-0.588930066353424,0.619662263065163
1.38,-1.28778965061315,-0.769153961033586,1,2.0510772294229,-3.43410573496841,0,9.15761529324908,5.46953927846105,0,0,0,0.911782278788574,-0.237006503990453,0.324595045753566,-0.084374459557261,3.39109420270213,-0.623615017140874,0.584671441850405
1.4,-1.24495646154881,-0.836709871369923,1,2.23122632365313,-3.31988389746349,0,8.85302372656929,5.94993686307501,0,0,0,0.91154635646783,-0.254830291587639,0.310798245089792,-0.086886209197364,3.39109420270213,-0.653716281358214,0.549582834647015
1.42,-1.19858290231206,-0.901886371049706,1,2.40503032279922,-3.19622107283215,0,8.52325619421907,6.41341419413124,0,0,0,0.911412611146423,-0.271488880715544,0.296357578457776,-0.08827811496471,3.39109420270213,-0.679814046060975,0.514701466527483
1.44,-1.14880084865196,-0.964498113080863,1,2.57199496821564,-3.06346892973855,0,8.1692504793028,6.85865324857503,0,0,0,0.91138108373082,-0.287001418527121,0.281361355599798,-0.088603010987779,3.39109420270213,-0.702433974660328,0.480244976612732
1.46,-1.09575186929267,-1.02436704405287,1,2.73164545080766,-2.92200498478045,0,7.79201329274787,7.28438786882043,0,0,0,0.911446990773758,-0.301393703999031,0.265886934337286,-0.087922445074761,3.39109420270213,-0.722040612977929,0.446360130000969
1.48,-1.03958682334454,-1.08132291047976,1,2.88352776127936,-2.77223152891876,0,7.39261741045004,7.68940736341162,0,0,0,0.911601717449196,-0.31469552516178,0.250001506204837,-0.086303430303434,3.39109420270213,-0.739037642425152,0.413137685930057
1.5,-0.980465431295418,-1.13520374296189,1,3.02720998123171,-2.61457448345445,0,6.97219862254519,8.07255994995123,0,0,0,0.911833793259136,-0.326938579338106,0.233763110866357,-0.08381591023857,3.39109420270213,-0.753771826119393,0.380625093323915
1.52,-0.918555820802328,-1.18585631678975,1,3.16228351143934,-2.44948218880621,0,6.53195250348322,8.43275603050492,0,0,0,0.912129789939504,-0.338154908623292,0.217221740246019,-0.080530861434486,3.39109420270213,-0.766538644644867,0.34883693943426
1.54,-0.854034048574992,-1.23313658767981,1,3.28836423381283,-2.27742412953331,0,6.07313101208883,8.76897129016754,0,0,0,0.912475109743323,-0.348375766412615,0.200420438174251,-0.076518935155774,3.39109420270213,-0.777588425910923,0.317763317485038
1.56,-0.78708359971102,-1.27691010140336,1,3.4050936037423,-2.09888959922939,0,5.59703893127836,9.08024960997946,0,0,0,0.91285465292321,-0.357630829393366,0.183396337283352,-0.07184953705425,3.39109420270213,-0.787132303474428,0.287376384740533
1.58,-0.717894865906432,-1.31705237614348,1,3.51213966971595,-1.91438630908382,0,5.10503015755685,9.36570578590919,0,0,0,0.913253366707129,-0.365947676542098,0.166181601553769,-0.06659025106244,3.39109420270213,-0.795347667855417,0.257635409644357
1.6,-0.646664604025419,-1.3534492564927,1,3.60919801731387,-1.72443894406778,0,4.59850385084743,9.62452804617032,0,0,0,0.913656685896209,-0.373351467703298,0.148804261448819,-0.060806526422916,3.39109420270213,-0.802382971593861,0.228490592418817
1.62,-0.57359537656902,-1.38599723808478,1,3.69599263489275,-1.52958767085072,0,4.07890045560192,9.855980359714,0,0,0,0.914050879000961,-0.379864766360831,0.131288940658257,-0.054561560975051,3.39109420270213,-0.808361859368076,0.199885910298936
1.64,-0.498894975633907,-1.41460376193733,1,3.77227669849954,-1.33038660169042,0,3.54769760450778,10.0594045293321,0,0,0,0.914423314935892,-0.385507462604118,0.113657480783582,-0.047916327489886,3.39109420270213,-0.813386652307696,0.171761199351234
1.66,-0.422775831999388,-1.43918747766829,1,3.83783327378212,-1.12740221866503,0,3.00640591644009,10.234222063419,0,0,0,0.914762664759088,-0.39029676225197,0.095929474287962,-0.040929701945133,3.39109420270213,-0.817541242031245,0.144053646488432
1.68,-0.345454411023089,-1.45967847483776,1,3.89247593290069,-0.921211762728238,0,2.45656470060863,10.3799358210685,0,0,0,0.915059051514168,-0.394247216374746,0.078122717837388,-0.033658662784719,3.39109420270213,-0.820893458301502,0.116698831097317
1.7,-0.26715059706319,-1.47601848175718,1,3.93604928468582,-0.712401592168507,0,1.89973757911602,10.4961314258289,0,0,0,0.91530415939573,-0.397370772095079,0.060253598615324,-0.026158538402235,3.39109420270213,-0.823496972666952,0.089631426843321
1.72,-0.188087068177835,-1.48816103120068,1,3.96842941653514,-0.501565515140893,0,1.33750804037571,10.5824784440937,0,0,0,0.915491311514494,-0.399676830740244,0.042337425889746,-0.018483286502546,3.39109420270213,-0.825392793860142,0.062785650805766
1.74,-0.108488662879882,-1.49607159254714,1,3.98952424679237,-0.289303101013018,0,0.771474936034714,10.6387313247797,0,0,0,0.915615523649335,-0.401172303412465,0.024388719447171,-0.010685793878752,3.39109420270213,-0.826610401799329,0.036095528723689
1.76,-0.028581740747833,-1.49972766997739,1,3.99927378660638,-0.076217975327555,0,0.203247934206812,10.664730097617,0,0,0,0.915673539614779,-0.40186165709017,0.006421465742238,-0.00281818874575,3.39109420270213,-0.827168557273689,0.009495031203791
1.78,0.051406461288809,-1.49911886644714,1,3.99765031052571,0.137083896770158,0,-0.365557058053754,10.6604008280686,0,0,0,0.915663852262085,-0.401746946709186,-0.011550648093595,0.005067839680086,3.39109420270213,-0.827075814515374,-0.017081874332363
1.8,0.13124847515917,-1.49424691325376,1,3.98465843534336,0.349995933757786,0,-0.933322490020762,10.6257558275823,0,0,0,0.915586712652023,-0.400827830509279,-0.029514012786473,0.012920717995742,3.39109420270213,-0.826330754163233,-0.04370121790653
1.82,0.210717248517931,-1.4851256651129,1,3.96033510696773,0.561912662714482,0,-1.49843376723862,10.5608936185806,0,0,0,0.91544412855063,-0.399101567456415,-0.047454878730945,0.020688664544673,3.39109420270213,-0.824921944641868,-0.070429033128724
1.84,0.289586790430045,-1.47178106075884,1,3.92474949535691,0.772231441146788,0,-2.0592838430581,10.4659986542851,0,0,0,0.915239852057194,-0.396562996936027,-0.065359131899473,0.028319366956032,3.39109420270213,-0.82282763062304,-0.097331341877615
1.86,0.367632814037043,-1.45425104918071,1,3.87800279781524,0.980354170765447,0,-2.61427778870786,10.341340794174,0,0,0,0.914979354824189,-0.393204502320614,-0.083212054513358,0.035759664203885,3.39109420270213,-0.820015137857999,-0.12447408242017
1.88,0.44463337437732,-1.43258548170426,1,3.82022795121137,1.18568899833952,0,-3.16183732890539,10.1872745365637,0,0,0,0.91466978792001,-0.389015961610793,-0.100998060741611,0.042955237222353,3.39109420270213,-0.816439974131625,-0.151922941314353
1.9,0.520369499546632,-1.40684597022616,1,3.75158925393643,1.38765199879102,0,-3.70040533010939,10.0042380104971,0,0,0,0.914319921871311,-0.383984690307841,-0.118700397095913,0.049850314018103,3.39109420270213,-0.812044596327571,-0.179743041803955
1.92,0.594625813403882,-1.3771057120039,1,3.67228189867707,1.58566883574369,0,-4.22845022864983,9.79275172980552,0,0,0,0.913940060769582,-0.378095384191961,-0.136300796455006,0.056387398050952,3.39109420270213,-0.806756803703938,-0.207998430296382
1.94,0.667191148051388,-1.34344928149963,1,3.58253141733235,1.7791763948037,0,-4.7444703861432,9.55341711288625,0,0,0,0.913541922526968,-0.371330072972296,-0.153779073894744,0.062507032597907,3.39109420270213,-0.800487707852711,-0.236751287379538
1.96,0.737859144347867,-1.3059723898698,1,3.4825930396528,1.96762438492765,0,-5.24699835980706,9.28691477240746,0,0,0,0.913138475450542,-0.363668100084188,-0.171112651907137,0.068147619109722,3.39109420270213,-0.79312922136104,-0.266060770079338
1.98,0.806428838746433,-1.26478161278463,1,3.37275096742567,2.15047690332382,0,-5.73460507553019,8.99400257980178,0,0,0,0.91274371936865,-0.355086149490945,-0.188276002457111,0.073245314468213,3.39109420270213,-0.784551001690611,-0.295981367123038
2,0.872705234788756,-1.21999408735137,1,3.25331756627032,2.32721395943668,0,-6.20590389183115,8.67551351005419,0,0,0,0.912372397785233,-0.345558347439214,-0.205239994096217,0.077734040793524,3.39109420270213,-0.774596787480455,-0.326560618551064
2.02,0.936499857630187,-1.17173717900331,1,3.12463247734216,2.4973329536805,0,-6.659554543148,8.33235327291244,0,0,0,0.912039626304846,-0.335056475880233,-0.22197113468254,0.081545652172146,3.39109420270213,-0.763080076971431,-0.357836015453336
2.04,0.997631290018923,-1.12014811930172,1,2.98706165147125,2.66035010671713,0,-7.09426695124568,7.96549773725667,0,0,0,0.911760422416755,-0.323550344682168,-0.238430705064565,0.08461031528652,3.39109420270213,-0.749779131960434,-0.389830856558929
2.06,1.055925688205,-1.06537361568081,1,2.84099630848216,2.81580183521332,0,-7.5088048939022,7.57599015595243,0,0,0,0.911549123475186,-0.311008381443925,-0.254573787600306,0.086857174891218,3.39109420270213,-0.734431360955553,-0.422548799985085
2.08,1.11121727631195,-1.00756943424552,1,2.68685182465473,2.96324607016521,0,-7.90198952044056,7.16493819907927,0,0,0,0.911418684503696,-0.297398509685647,-0.27034820712979,0.088215389111063,3.39109420270213,-0.716727266263159,-0.455966818984513
2.1,1.16334881776537,-0.946899956808482,1,2.52506655148929,3.102263514041,0,-8.27270270410933,6.73351080397143,0,0,0,0.911379856728227,-0.282689396473364,-0.285693422715786,0.088615631174761,3.39109420270213,-0.696304368502625,-0.49002626528863
2.12,1.21217206243756,-0.883537713425903,1,2.35610056913574,3.23245883316683,0,-8.6198902217782,6.28293485102864,0,0,0,0.911440263119598,-0.26685215578086,-0.300539437706008,0.08799215932651,3.39109420270213,-0.672741901769177,-0.524621788704575
2.14,1.25754816823684,-0.817662891761736,1,2.1804343780313,3.35346178196491,0,-8.94256475190643,5.81449167475012,0,0,0,0.911603410130031,-0.249862588961249,-0.314805834283797,0.08628554906682,3.39109420270213,-0.645557673745666,-0.55958799884614
2.16,1.29934809594259,-0.749462824675354,1,1.99856753246761,3.46492825584691,0,-9.23980868225843,5.32951341991363,0,0,0,0.911867705790706,-0.231704021528987,-0.328401085669385,0.083446153143564,3.39109420270213,-0.614209385835366,-0.594684047101863
2.18,1.33745297616313,-0.679131457489923,1,1.81101721997313,3.56654126976835,0,-9.51077671938225,4.82937925326168,0,0,0,0.912225591968702,-0.212370747559232,-0.341222350151142,0.079438294894935,3.39109420270213,-0.578103960652373,-0.629576840360253
2.2,1.37175444737295,-0.606868796456475,1,1.6183167905506,3.6580118596612,0,-9.75469829242987,4.31551144146826,0,0,0,0.912662938013352,-0.191872011222734,-0.35315599665145,0.074245100278074,3.39109420270213,-0.536619965786809,-0.663824474100274
2.22,1.40215496406802,-0.532880339982064,1,1.42101423995217,3.7390799041814,0,-9.97087974448372,3.78937130653912,0,0,0,0.913158874621105,-0.170236334934732,-0.364079135531721,0.067873728637684,3.39109420270213,-0.489149699165449,-0.696862773507173
2.24,1.42856807416279,-0.457376494239511,1,1.21967065130536,3.8095148644341,0,-10.1587063051576,3.25245507014763,0,0,0,0.913686255717606,-0.147515850204638,-0.373862408647805,0.060360578618883,3.39109420270213,-0.435167977898618,-0.727999532516776
2.26,1.45091866484002,-0.380571974820587,1,1.01485859952156,3.8691164395734,0,-10.3176438388624,2.70628959872417,0,0,0,0.91421290453628,-0.123790121026647,-0.382374204932477,0.051775848788821,3.39109420270213,-0.374332335936892,-0.756422839079437
2.28,1.46914317615446,-0.302685196134193,1,0.807160523024515,3.91771513641188,0,-10.447240363765,2.15242806139871,0,0,0,0.914703712465179,-0.099168810927465,-0.389486294496698,0.042226670966149,3.39109420270213,-0.306611597315124,-0.781230944903599
2.3,1.48318978178263,-0.223937650285958,1,0.597167067429222,3.95517275142035,0,-10.5471273371209,1.59244551314459,0,0,0,0.915123512261503,-0.073792491166877,-0.395080618240027,0.031857976154098,3.39109420270213,-0.232424665125485,-0.8014899711362
2.32,1.49301853640507,-0.144553277205579,1,0.385475405881544,3.98138276374684,0,-10.6170207033249,1.02793441568412,0,0,0,0.91544045981041,-0.047830979347878,-0.399056667750532,0.020850368835305,3.39109420270213,-0.152750933060578,-0.816320498006358
2.34,1.49860148930159,-0.064757827813094,1,0.172687540834918,3.99627063813756,0,-10.6567217017002,0.460500108893115,0,0,0,0.915629476554063,-0.02147887103357,-0.401338616084547,0.009414616497618,3.39109420270213,-0.069158344174646,-0.825004010017066
2.36,1.49992276383672,0.015221777964855,1,-0.040591407906279,3.99979403689792,0,-10.6661174317278,-0.108243754416744,0,0,0,0.915675192269124,0.005051636288642,-0.401881210847612,-0.002217115550996,3.39109420270213,0.016297610708477,-0.827087856666338
2.38,1.49697860260923,0.095158096503174,1,-0.253754924008464,3.99194294029129,0,-10.6451811741101,-0.676679797355904,0,0,0,0.915573843613798,0.031540015757852,-0.400673500580623,-0.013802544284344,3.39109420270213,0.101309244238945,-0.82245971942201
2.4,1.48977737813729,0.174823807275739,1,-0.466196819401971,3.97273967503277,0,-10.5939724667541,-1.24319151840526,0,0,0,0.915333749621476,0.057767724016693,-0.397739760048536,-0.025101795600186,3.39109420270213,0.183630217618704,-0.81136709146686
2.42,1.47833956904895,0.25399235930274,1,-0.677312958140641,3.94223885079719,0,-10.5126369354592,-1.80616788837504,0,0,0,0.914974266159069,0.083528263587685,-0.393137451591122,-0.035889630886062,3.39109420270213,0.26136954556497,-0.794374882812008
2.44,1.46269770184564,0.332438615409627,1,-0.886502974425673,3.90052720492172,0,-10.4014058797912,-2.3640079318018,0,0,0,0.91452343319,0.108635761209307,-0.386952578551959,-0.04596589480082,3.39109420270213,0.333179058969216,-0.772275891732685
2.46,1.44289625840429,0.409939492465518,1,-1.09317197990805,3.84772335574479,0,-10.2605956153194,-2.9151252797548,0,0,0,0.914014773509754,0.132931157576476,-0.379293203217398,-0.055163095855627,3.39109420270213,0.398301682466716,-0.745982073966052
2.48,1.41899154948105,0.486274595780366,1,-1.29673225541431,3.78397746528281,0,-10.0906065740875,-3.45795268110483,0,0,0,0.913483811158635,0.156285592647836,-0.370282108928112,-0.063350612385041,3.39109420270213,0.456505429381771,-0.716423792810132
2.5,1.39105155457646,0.561226845856829,1,-1.49660492228488,3.7094708122039,0,-9.89192216587707,-3.99094645942634,0,0,0,0.912964839459676,0.178601068547101,-0.360049559054541,-0.070435610658469,3.39109420270213,0.507956365991098,-0.684473800595607
2.52,1.35915572861737,0.634583095714495,1,-1.69222158857199,3.62441527631298,0,-9.66510740350128,-4.51259090285863,0,0,0,0.912488321804966,0.199808853218855,-0.348726897208836,-0.076361219922286,3.39109420270213,0.553080312103141,-0.650900642182563
2.54,1.32339477600536,0.706134737030924,1,-1.8830259654158,3.52905273601428,0,-9.41080729603809,-5.02140257444212,0,0,0,0.912079117270074,0.219866290837465,-0.33644143742249,-0.081102756909414,3.39109420270213,0.592443914131311,-0.616347859651579
2.56,1.28387039267428,0.77567829337579,1,-2.06847544900211,3.42365438046476,0,-9.12974501457269,-5.51593453067228,0,0,0,0.911755547145554,0.238752715136609,-0.323312801596895,-0.084662834749235,3.39109420270213,0.626666612482938,-0.581331878848282
2.58,1.2406949768904,0.843015998851115,1,-2.24804266360297,3.30851993837439,0,-8.82271983566503,-5.99478043627459,0,0,0,0.91152919327014,0.256465068386124,-0.309450634769484,-0.087066084985789,3.39109420270213,0.656362785513622,-0.546251359579591
2.6,1.19399130961748,0.907956360492037,1,-2.4212169613121,3.1839768256466,0,-8.49060486839094,-6.45657856349893,0,0,0,0.911405254038437,0.273013673513836,-0.294953489106361,-0.088354039237583,3.39109420270213,0.682107988861993,-0.51140227887174
2.62,1.143892205356,0.970314702828819,1,-2.58750587421018,3.05037921428268,0,-8.13434457142047,-6.90001566456049,0,0,0,0.911383269910708,0.288418441874018,-0.279908608385843,-0.088580520800738,3.39109420270213,0.704422217961751,-0.476994841420537
2.64,1.09054013444921,1.02991369306146,1,-2.74643651483055,2.9081070251979,0,-7.75495206719441,-7.32383070621481,0,0,0,0.911458049860968,0.302705657029153,-0.264392344564067,-0.087807725640201,3.39109420270213,0.72376413976766,-0.443169876089443
2.66,1.03408681793018,1.08658384535343,1,-2.89755692094247,2.75756484781381,0,-7.35350626083682,-7.72681845584659,0,0,0,0.911620666255291,0.315905369491441,-0.248470972525991,-0.086103044050276,3.39109420270213,0.740531812241904,-0.410013510979207
2.68,0.97469279606204,1.14016400281046,1,-3.04043734082788,2.59918078949877,0,-6.93114877199673,-8.10783290887436,0,0,0,0.911859425250507,0.328049369301448,-0.232201718259055,-0.083536590307952,3.39109420270213,0.755066862335317,-0.377569653314316
2.7,0.912526971798382,1.19050179577373,1,-3.17467145539661,2.43340525812902,0,-6.48908068834405,-8.4657905477243,0,0,0,0.912160755256953,0.33916966625222,-0.21563386597632,-0.080179360857574,3.39109420270213,0.767660210062424,-0.345850230507365
2.72,0.847766130462037,1.23745407512417,1,-3.29987753366446,2.2607096812321,0,-6.02855914995226,-8.79967342310524,0,0,0,0.912509983949077,0.349297392901672,-0.198809853814218,-0.07610192199754,3.39109420270213,0.778558204241252,-0.314843373089612
2.74,0.780594437008239,1.28088731936568,1,-3.41569951830847,2.0815851653553,0,-5.55089377428081,-9.10853204882259,0,0,0,0.912891994214622,0.358462045188473,-0.181766302764931,-0.071373526165622,3.39109420270213,0.787968543112413,-0.284519816180351
2.76,0.711202912301794,1.32067801432955,1,-3.52180803821214,1.89654109947145,0,-5.05744293192387,-9.39148810189903,0,0,0,0.913291762298502,0.366690983130759,-0.164534949333364,-0.066061564136502,3.39109420270213,0.796065667910772,-0.254837818127051
2.78,0.63978888989763,1.35671300442045,1,-3.61790134512119,1.70610370639368,0,-4.54960988371648,-9.64773692032318,0,0,0,0.913694788781097,0.374009125319764,-0.147143470256348,-0.06023127337796,3.39109420270213,0.802995503723169,-0.225746878099524
2.8,0.566555454869502,1.38888981440488,1,-3.70370617174634,1.51081454631867,0,-4.02883879018313,-9.87654979132356,0,0,0,0.914087436508963,0.380438782948761,-0.129616199180509,-0.053945637033371,3.39109420270213,0.808879526314462,-0.197190500194783
2.82,0.491710866282688,1.41711694082723,1,-3.77897850887261,1.31122897675383,0,-3.49661060467689,-10.0772760236603,0,0,0,0.914457190503844,0.385999590395554,-0.111974742134109,-0.047265421549804,3.39109420270213,0.813818187658436,-0.16910821224477
2.84,0.415467964953057,1.44131411222459,1,-3.84350429926558,1.10791457320815,0,-2.9544388618884,-10.2493447980415,0,0,0,0.91479285422979,0.39070849918235,-0.094238502366131,-0.04024931289572,3.39109420270213,0.8178937571155,-0.141437009476122
2.86,0.338043568176684,1.46141251740033,1,-3.89710004640088,0.901449515137825,0,-2.40386537370087,-10.3922667904024,0,0,0,0.915084695112684,0.394579810253606,-0.076425126769696,-0.032954121274732,3.39109420270213,0.82117264233506,-0.114112359456763
2.88,0.259657853151273,1.47735500110734,1,-3.93961333628624,0.692420941736727,0,-1.84645584463127,-10.50563556343,0,0,0,0.915324550349489,0.397625226004721,-0.058550886468354,-0.025435032258085,3.39109420270213,0.823707251786057,-0.087068876435365
2.9,0.18053373084278,1.48909622658443,1,-3.97092327089181,0.481423282247414,0,-1.28379541932644,-10.5891287223782,0,0,0,0.915505902099612,0.399853908562152,-0.040631003791515,-0.017745888516482,3.39109420270213,0.825537453906759,-0.060240750271433
2.92,0.10089621207784,1.49660280448366,1,-3.99094081195642,0.269056565540907,0,-0.717484174775752,-10.6425088318838,0,0,0,0.915623929271992,0.401272534707968,-0.02267993718198,-0.009939491082618,3.39109420270213,0.826691678811404,-0.033561997229153
2.94,0.020971767664669,1.49985338782196,1,-3.9996090341919,0.055924713772451,0,-0.14913257005987,-10.6656240911784,0,0,0,0.915675541377002,0.401885340811194,-0.004711634812471,-0.002067912570363,3.39109420270213,0.827187698691947,-0.006966586370941
2.96,-0.059012315637888,1.49883873268709,1,-3.99690328716558,-0.157366175034368,0,0.419643133424981,-10.6584087657749,0,0,0,0.915659398315299,0.401694153408017,0.013260233005194,0.005817182765573,3.39109420270213,0.827033113185791,0.019611514449127
2.98,-0.13882858147169,1.49356172452516,1,-3.98283126540042,-0.370209550591173,0,0.987225468243129,-10.6208833744011,0,0,0,0.915575918506532,0.40069840287196,0.031222053061833,0.01366421565201,3.39109420270213,0.826225556303716,0.046238335416062
3,-0.21825005071292,1.48403736993507,1,-3.95743298649353,-0.582000135234454,0,1.55200036062521,-10.5531546306494,0,0,0,0.915427276380346,0.398895119119603,0.049160050895961,0.02142136777441,3.39109420270213,0.824752632048267,0.0729799102994
3.02,-0.297050866948574,1.47029275399327,1,-3.92078067731537,-0.792135645196198,0,2.1123617205232,-10.4554151395077,0,0,0,0.915217388911734,0.396278909677535,0.067060065659974,0.029036259608482,3.39109420270213,0.82259157650068,0.09990225731321
3.04,-0.375006938760216,1.45236696322992,1,-3.87297856861311,-1.00001850336058,0,2.66671600896153,-10.327942849635,0,0,0,0.914951889529738,0.392841921854959,0.084907308842277,0.03645563309594,3.39109420270213,0.819708634766221,0.12707129988468
3.06,-0.451896576988487,1.43031097447586,1,-3.8141625986023,-1.20505753863597,0,3.21348676969591,-10.1711002629395,0,0,0,0.914638086311472,0.38857379238893,0.102686097062946,0.043625043346138,3.39109420270213,0.816058131609732,0.154552687086502
3.08,-0.527501125166144,1.40418750989619,1,-3.74450002638983,-1.40666966710972,0,3.75111911229258,-9.98533340370621,0,0,0,0.914284899847421,0.383461589932407,0.120379548545616,0.050488565531763,3.39109420270213,0.811581204831855,0.182411465541796
3.1,-0.601605581326827,1.3740708586228,1,-3.66418895632748,-1.60428155020487,0,4.27808413387966,-9.77117055020661,0,0,0,0.913902774497631,0.377489758335514,0.137969232125611,0.056988526073206,3.39109420270213,0.806204160548708,0.210711543134647
3.12,-0.673999209421258,1.34004666549323,1,-3.57345777464861,-1.79733122512336,0,4.79288326699561,-9.52922073239629,0,0,0,0.913503554945619,0.370640072048249,0.155434756903354,0.063065271268584,3.39109420270213,0.799836399973444,0.239514869311437
3.14,-0.744476138602143,1.30221168749633,1,-3.47256449999022,-1.98526970293905,0,5.2940525411708,-9.26017199997391,0,0,0,0.913100318033696,0.362891619392424,0.172753290088149,0.068656991961692,3.39109420270213,0.792367859029483,0.268880236532756
3.16,-0.812835948673581,1.2606735186177,1,-3.36179604964719,-2.16756252979621,0,5.78016674612324,-8.96478946572583,0,0,0,0.912707147934264,0.354220835166441,0.18989899050686,0.07369962990522,3.39109420270213,0.783665897043916,0.298861581983983
3.18,-0.87888424004005,1.21555028386703,1,-3.24146742364542,-2.34369130677347,0,6.24984348472925,-8.64391312972112,0,0,0,0.912338840986164,0.344601611292318,0.206842346138971,0.078126900402406,3.39109420270213,0.773571572292872,0.329505637711322
3.2,-0.942433186534197,1.1669703033578,1,-3.11192080895414,-2.51315516409119,0,6.70174710424318,-8.29845549054437,0,0,0,0.912010525366899,0.334005523139483,0.22354940656118,0.081870476720595,3.39109420270213,0.76189525620227,0.360848741352462
3.22,-1.00330206955131,1.11507172739428,1,-2.97352460638474,-2.67547218547017,0,7.13459249458711,-7.92939895035929,0,0,0,0.911737180758124,0.322402219717515,0.239980906287885,0.084860394541221,3.39109420270213,0.748411574419799,0.392912580415984
3.24,-1.06131779197152,1.06000214360382,1,-2.82667238294351,-2.83018077859073,0,7.54714874290862,-7.5377930211827,0,0,0,0.911533045145755,0.309760037696806,0.256091283935259,0.087025748751571,3.39109420270213,0.732853737808732,0.425698605048854
3.26,-1.11631537040824,1.00191815723158,1,-2.67178175261754,-2.9768409877553,0,7.93824263401414,-7.12475134031343,0,0,0,0.911410901047327,0.296046911123916,0.271827616469563,0.088295768814611,3.39109420270213,0.714907464948456,0.459180816274812
3.28,-1.16813840438299,0.940984945791142,1,-2.50929318877638,-3.11503574502131,0,8.3067619867235,-6.69144850340368,0,0,0,0.911381243246094,0.281231658671315,0.287128509247196,0.088601370179402,3.39109420270213,0.694204938281117,0.49329663490046
3.3,-1.21663952109248,0.877375789337643,1,-2.33966877156705,-3.24437205624662,0,8.65165881665766,-6.23911672417879,0,0,0,0.911451346149567,0.265285734790376,0.301923012667578,0.087877283416178,3.39109420270213,0.670319633555266,0.52793560801944
3.32,-1.26168079450297,0.811271577699085,1,-2.16339087386423,-3.36448211867458,0,8.97195231646554,-5.7690423303046,0,0,0,0.911624272560472,0.248185524898677,0.31612967575396,0.086064853552746,3.39109420270213,0.642763488482133,0.562925858942853
3.34,-1.30313413758021,0.742860296067225,1,-1.9809607895126,-3.47502436688056,0,9.26673164501482,-5.28256210536694,0,0,0,0.911897897366894,0.229915240491664,0.329655894610116,0.083115570841463,3.39109420270213,0.610988809414451,0.598018497491756
3.36,-1.34088166653959,0.67233649041088,1,-1.79289730776235,-3.57568444410557,0,9.53515851761484,-4.78105948736626,0,0,0,0.912264057735947,0.210470419274653,0.342397764700483,0.078995330884858,3.39109420270213,0.574398600234449,0.632870769161845
3.38,-1.37481603608049,0.599900714231879,1,-1.59973523795168,-3.66617609621465,0,9.77646958990573,-4.26596063453781,0,0,0,0.912707980579889,0.189861950071535,0.354240690176283,0.073689317572116,3.39109420270213,0.532370554922555,0.667029635450384
3.4,-1.40484074465171,0.52575895823698,1,-1.40202388863195,-3.74624198573789,0,9.98997862863437,-3.73873036968519,0,0,0,0.913208168221311,0.168120418644885,0.365061024345526,0.067207252825433,3.39109420270213,0.484301388702598,0.699918820620924
3.42,-1.43087040887964,0.450122064547627,1,-1.20032550546034,-3.81565442367903,0,10.1750784631441,-3.20086801456091,0,0,0,0.913736929080855,0.145300414771479,0.374728990243312,0.059588570819854,3.39109420270213,0.429678484969289,0.730834089969393
3.44,-1.45283100637902,0.373205127113385,1,-0.99521367230236,-3.87421601701073,0,10.3312427120286,-2.65390312613963,0,0,0,0.914261703819159,0.121484275229815,0.383113034930192,0.050906878397255,3.39109420270213,0.368183102765132,0.758953299554155
3.46,-1.47066008625559,0.295226880034161,1,-0.787271680091096,-3.9217602300149,0,10.4580272800397,-2.09939114690959,0,0,0,0.914747243975421,0.09678460405681,0.390085589427631,0.041272908521641,3.39109420270213,0.299821002539898,0.783368689858316
3.48,-1.48430694670205,0.216409075530686,1,-0.577090868081829,-3.95815185787213,0,10.5550716209923,-1.53890898155154,0,0,0,0.915158548091137,0.071344869193332,0.39552994362162,0.030835129222789,3.39109420270213,0.225060524456422,0.803147417959444
3.5,-1.49373277918239,0.136975853332127,1,-0.365268942219004,-3.98328741115303,0,10.6220997630747,-0.974050512584011,0,0,0,0.915464271019654,0.045337482757467,0.399347642185042,0.019777305805319,3.39109420270213,0.144937602710451,0.817420617133622
3.52,-1.49891077879443,0.057153103274194,1,-0.15240827539785,-3.99709541011848,0,10.6589210936493,-0.406422067727601,0,0,0,0.915640143793845,0.018959062917197,0.40146554098059,0.008312665736782,3.39109420270213,0.061073166760594,0.825490801646656
3.54,-1.49982622049683,-0.022832177079648,1,0.060885805545727,-3.99953658799154,0,10.6654309013108,0.162362148121939,0,0,0,0.915671838998548,-0.007576975892623,0.401841531076441,-0.00332514713672,3.39109420270213,-0.02444132834967,0.826935213213381
3.56,-1.49647650098368,-0.102752527967118,1,0.274006741245647,-3.99060400262315,0,10.6416106736617,0.730684643321727,0,0,0,0.915556746480316,-0.034049845608555,0.400468019541598,-0.014893532584382,3.39109420270213,-0.109290055559542,0.821675917858421
3.58,-1.48887114608776,-0.182380674270423,1,0.486348464721127,-3.97032305623401,0,10.5875281499574,1.29692923925634,0,0,0,0.915304303366144,-0.060241730531416,0.397372571479356,-0.026153500298861,3.39109420270213,-0.19124897807047,0.809993344205956
3.6,-1.47703178369119,-0.261490171834469,1,0.697307124891919,-3.93875142317651,0,10.5033371284707,1.85948566637845,0,0,0,0.914934810319746,-0.085947758236751,0.392615600193895,-0.036881786882334,3.39109420270213,-0.268472832627071,0.792478466055974
3.62,-1.46099208222078,-0.339856051422038,1,0.906282803792102,-3.89597888592209,0,10.3892770291256,2.41675414344561,0,0,0,0.914476975470199,-0.110984382657787,0.386285507711079,-0.046881069456036,3.39109420270213,-0.339669734424072,0.769940152769466
3.64,-1.44079765490271,-0.417255458474603,1,1.11268122259894,-3.84212707974056,0,10.2456722126415,2.96714992693051,0,0,0,0.913964661573513,-0.135195316692604,0.378492077864151,-0.055987237235616,3.39109420270213,-0.404136791736174,0.743296144215524
3.66,-1.41650593004899,-0.493468286859491,1,1.31591543162531,-3.77734914679731,0,10.0729310581262,3.50910781766749,0,0,0,0.913433407043843,-0.158454647810523,0.369359108793568,-0.064073272389833,3.39109420270213,-0.461685855946793,0.713474133868008
3.68,-1.38818598774457,-0.568277804801175,1,1.5154074794698,-3.70182930065218,0,9.87154480173914,4.04108661191946,0,0,0,0.912917240580989,-0.180667261482394,0.359017224224671,-0.071049878173407,3.39109420270213,-0.512513515784923,0.68133851539705
3.7,-1.3559183633994,-0.641471271216645,1,1.71059005657772,-3.61578230239839,0,9.64208613972905,4.56157348420725,0,0,0,0.912446155193672,-0.201767062934808,0.347597581948144,-0.076863432207714,3.39109420270213,-0.557063658412089,0.647646485310337
3.72,-1.31979481872427,-0.71284054070217,1,1.90090810853912,-3.5194528499314,0,9.38520759981706,5.06908828943765,0,0,0,0.912044415538246,-0.221713672984598,0.335226899089578,-0.081492069699835,3.39109420270213,-0.595911236798657,0.613029352304466
3.74,-1.27991808078158,-0.782182655451019,1,2.08582041453605,-3.4131148820842,0,9.10163968555787,5.56218777209613,0,0,0,0.911729700232941,-0.240488289586362,0.322023926492057,-0.084940726695832,3.39109420270213,-0.62967726807178,0.577991808601657
3.76,-1.23640154985312,-0.849300422418834,1,2.26480112645022,-3.29707079960831,0,8.7921887989555,6.03946967053393,0,0,0,0.911512961295233,-0.258089304770788,0.308097285649301,-0.087235856901041,3.39109420270213,-0.658973571281274,0.542922043347214
3.78,-1.18936897695579,-0.914002974095341,1,2.43734126425424,-3.17165060521545,0,8.4577349472412,6.49957670467798,0,0,0,0.911398823288173,-0.274528108526555,0.293544450280308,-0.088420349735782,3.39109420270213,-0.684370923722008,0.50810714028489
3.8,-1.13895411192212,-0.976106311287711,1,2.6029501634339,-3.03721096512564,0,8.09922924033505,6.94120043582373,0,0,0,0.911386334710583,-0.289825347276353,0.278451602146005,-0.088548982158319,3.39109420270213,-0.706383603971089,0.473750018955121
3.82,-1.08530032304642,-1.03543382637199,1,2.76115687032531,-2.89413419479045,0,7.71769118610786,7.36308498753416,0,0,0,0.91146990603155,-0.304007765615665,0.262894094849821,-0.087684569550759,3.39109420270213,-0.72546440885641,0.439985705137476
3.84,-1.02856018937836,-1.0918168055246,1,2.91151148139894,-2.74282717167563,0,7.31420579113502,7.76403061706384,0,0,0,0.91164030563468,-0.317105658242484,0.246937296033096,-0.085894857126439,3.39109420270213,-0.742005812101432,0.406895808765949
3.86,-0.968895066823166,-1.14509490850572,1,3.05358642268193,-2.58372017819511,0,6.88992047518696,8.14289712715182,0,0,0,0.91188562439452,-0.329150894224249,0.230637628094189,-0.083250113279687,3.39109420270213,-0.756344357121124,0.374520787911989
3.88,-0.906474629282494,-1.19511662463007,1,3.18697766568018,-2.41726567808665,0,6.44604180823107,8.49860710848047,0,0,0,0.912192154435158,-0.340175441187153,0.214043677492846,-0.079821342543267,3.39109420270213,-0.768766459345645,0.342869984000488
3.9,-0.841476386140845,-1.24173970362848,1,3.31130587634261,-2.24393702970892,0,5.98383207922379,8.8301490035803,0,0,0,0.912545154786612,-0.350210304036691,0.197197286005827,-0.075679018320425,3.39109420270213,-0.779514542311001,0.311929622584081
3.92,-0.774085177469644,-1.28483156017503,1,3.42621749380007,-2.06422713991905,0,5.5046057064508,9.13657998346685,0,0,0,0.912929495834259,-0.359284793493249,0.18013457143494,-0.07089223493634,3.39109420270213,-0.788792917845828,0.281669060944418
3.94,-0.704492648384552,-1.32426965092919,1,3.53138573581117,-1.87864706235881,0,5.00972549962348,9.4170286288298,0,0,0,0.913330186730026,-0.36742604789181,0.162886850273866,-0.065528187417025,3.39109420270213,-0.796773120821332,0.252045580796029
3.96,-0.632896704050772,-1.359941823021,1,3.62651152805599,-1.68772454413539,0,4.50059878436105,9.6706974081493,0,0,0,0.913732796880838,-0.374658743100095,0.145481452014312,-0.059651900579823,3.39109420270213,-0.803598585653524,0.223008005119239
3.98,-0.559500946886228,-1.39174663298799,1,3.71132435463465,-1.49200252502994,0,3.97867340007984,9.89686494569239,0,0,0,0.914123785810955,-0.381004937417101,0.127942425822425,-0.053326143242428,3.39109420270213,-0.809388650154756,0.19449938301895
4,-0.48451409756307,-1.41959363525716,1,3.78558302735243,-1.29203759350152,0,3.44543358267072,10.0948880729398,0,0,0,0.914490756416136,-0.386484009472909,0.11029114689439,-0.046611476783165,3.39109420270213,-0.814241922810236,0.166458947057943
4.02,-0.408149401454016,-1.44340363935135,1,3.84907637160361,-1.08839840387738,0,2.902395743673,10.2642036576096,0,0,0,0.914822645875268,-0.391112656799011,0.092546833296201,-0.039566399030471,3.39109420270213,-0.818239071682476,0.13882350979247
4.04,-0.330624022211519,-1.4631089350888,1,3.90162382690346,-0.881664059230718,0,2.35110415794858,10.4043302050759,0,0,0,0.915109866947403,-0.394904930694856,0.074726985583701,-0.032247554232374,3.39109420270213,-0.821445099124331,0.111528433011993
4.06,-0.252158424204211,-1.47865348513533,1,3.94307596036087,-0.672422464544563,0,1.79312657211883,10.514869227629,0,0,0,0.915344410507068,-0.397872289363204,0.056847761771403,-0.024709987695924,3.39109420270213,-0.823911163697841,0.0845082753809
4.08,-0.172975745566905,-1.48999308436166,1,3.97331489163109,-0.461268654845081,0,1.23004974625355,10.5955063776829,0,0,0,0.915519918227016,-0.400023656231718,0.038924299820861,-0.017007429790009,3.39109420270213,-0.825676003491742,0.057697201769077
4.1,-0.093301163646977,-1.49709548555265,1,3.9922546281404,-0.248803103058605,0,0.663474941489614,10.6460123417077,0,0,0,0.915631732449772,-0.401365474172206,0.020970999119172,-0.009192598625663,3.39109420270213,-0.826767005860206,0.031029220077307
4.12,-0.01336125465174,-1.49994049111094,1,3.99984130962918,-0.035630012404639,0,0.095013366412371,10.6662434923445,0,0,0,0.915676928558878,-0.40190174922296,0.003001771653595,-0.001317514115209,3.39109420270213,-0.827200958778739,0.004438298212223
4.14,0.066616650682239,-1.49852001049431,1,3.99605336131817,0.177644401819305,0,-0.473718404851479,10.6561422968485,0,0,0,0.915654333577207,-0.401634079645034,-0.014969727092449,0.006566181519422,3.39109420270213,-0.826984509157622,-0.022141595536123
4.16,0.146405113565545,-1.49283808322331,1,3.98090155526217,0.390413636174786,0,-1.04110302979943,10.6157374806991,0,0,0,0.915564533260809,-0.4005616679066,-0.032929878004918,0.014406900200287,3.39109420270213,-0.826114343798498,-0.048776491590887
4.18,0.225777233939557,-1.48291086739379,1,3.95442897971677,0.602072623838819,0,-1.60552699690352,10.5451439459114,0,0,0,0.915409868582313,-0.398681314675048,-0.050864879735544,0.022152784036686,3.39109420270213,-0.824577099231993,-0.075532423734073
4.2,0.304507295728126,-1.46876659372698,1,3.91671091660527,0.812019455275002,0,-2.16538521406667,10.4445624442807,0,0,0,0.915194421158558,-0.39598739527326,-0.068760522440093,0.029751383475669,3.39109420270213,-0.822348997325231,-0.102475405827783
4.22,0.382371408722197,-1.45044548528781,1,3.86785462743417,1.01965708992586,0,-2.71908557313563,10.3142790064911,0,0,0,0.914923985820188,-0.392471820487419,-0.086601944463316,0.037149340631614,3.39109420270213,-0.819395194148754,-0.1296713448698
4.24,0.45914814527217,-1.42799964309979,1,3.80799904826611,1.22439505405912,0,-3.26505347749098,10.1546641287096,0,0,0,0.914606027095327,-0.388123985264598,-0.104373362137385,0.044292082129484,3.39109420270213,-0.815668820013467,-0.15718584952208
4.26,0.534619169977233,-1.4014928979816,1,3.73731439461759,1.42565111993929,0,-3.8017363198381,9.96617171898024,0,0,0,0.91424961484109,-0.382930710887707,-0.122057762229903,0.051123527865181,3.39109420270213,-0.811109678788105,-0.185083884988773
4.28,0.608569860581113,-1.37100062902695,1,3.65600167740519,1.62285296154964,0,-4.32760789746569,9.74933780641385,0,0,0,0.913865332576229,-0.376876188861487,-0.139636545828004,0.057585825111766,3.39109420270213,-0.805642564725853,-0.213429213282203
4.3,0.680789918308441,-1.33660954924375,1,3.56429213131667,1.81543978215584,0,-4.84117275241558,9.50477901684446,0,0,0,0.913465150242489,-0.369941938209495,-0.157089111702045,0.06361912158251,3.39109420270213,-0.799175145534756,-0.242283541948743
4.32,0.751073965906187,-1.29841745896224,1,3.46244655723263,2.00286390908316,0,-5.34097042422177,9.23319081928702,0,0,0,0.913062251192721,-0.362106792413836,-0.174392366660066,0.069161396641077,3.39109420270213,-0.791595352361169,-0.271705283625087
4.34,0.819222131689351,-1.25653296771329,1,3.35075458056876,2.1845923511716,0,-5.82557960312427,8.93534554818336,0,0,0,0.912670801282997,-0.353346938081532,-0.191520150401835,0.074148377082154,3.39109420270213,-0.782768212724989,-0.301747802825698
4.36,0.88504061793015,-1.21107518536787,1,3.22953382764765,2.3601083144804,0,-6.29362217194773,8.6120902070604,0,0,0,0.912305646255924,-0.34363603482258,-0.208442563390854,0.078513573017824,3.39109420270213,-0.772532064855227,-0.332456994905629
4.38,0.948342251974213,-1.16217338341595,1,3.09912902244253,2.52891267193123,0,-6.74376712514996,8.26434405984676,0,0,0,0.911981922524274,-0.332945454911524,-0.225125188984472,0.082188480503003,3.39109420270213,-0.760694107532537,-0.363868005730003
4.4,1.00894701851663,-1.10996662734805,1,2.95991100626147,2.690525382711,0,-7.17473435389601,7.89309601669726,0,0,0,0.911714566599148,-0.321244692003085,-0.241528206471581,0.085103010460218,3.39109420270213,-0.747025278803345,-0.396000861237239
4.42,1.06668257152409,-1.05460338118496,1,2.8122756831599,2.84448685739758,0,-7.58529828639354,7.49940182175972,0,0,0,0.911517710636725,-0.308502000011468,-0.257605401050638,0.087186217569338,3.39109420270213,-0.731254536562345,-0.42885473855441
4.44,1.12138472434747,-0.996241085280143,1,2.65664289408038,2.99035926492658,0,-7.97429137313754,7.08438105088101,0,0,0,0.911403957102757,-0.294685335095199,-0.27330309171571,0.088367416596281,3.39109420270213,-0.713062760352856,-0.462400584020009
4.46,1.17289791663086,-0.935045708595567,1,2.49345522292151,3.1277277776823,0,-8.34060740715279,6.6492139277907,0,0,0,0.91138353586589,-0.279763683321549,-0.288559020229651,0.088577784410386,3.39109420270213,-0.692076746575278,-0.496571785382357
4.48,1.22107565668957,-0.871191276724087,1,2.3231767379309,3.25620175117218,0,-8.68320466979247,6.19513796781573,0,0,0,0.911463363744268,-0.26370886034924,-0.303301275359734,0.087752549196292,3.39109420270213,-0.667864185248281,-0.531252664239807
4.5,1.26578093809874,-0.804859377000652,1,2.14629167200174,3.37541583492997,0,-9.00110889314658,5.72344445867131,0,0,0,0.91164605097115,-0.246497861857215,-0.317447366915142,0.08583385746412,3.39109420270213,-0.639931158647191,-0.566264715948729
4.52,1.30688662930821,-0.736238642109623,1,1.96330304562566,3.48503101148856,0,-9.29341603063617,5.2354747883351,0,0,0,0.911928931486266,-0.228115817058288,-0.330903612354664,0.082774375604904,3.39109420270213,-0.607724667642553,-0.601350855022015
4.54,1.34427583517541,-0.665524213656773,1,1.77473123641806,3.58473556046775,0,-9.55929482791399,4.73261663044816,0,0,0,0.912303232437061,-0.208559543867062,-0.34356504962452,0.078541615869259,3.39109420270213,-0.570644009459816,-0.636158514719243
4.56,1.37784222938827,-0.592917187231365,1,1.58111249928364,3.6742459450354,0,-9.79798918676105,4.2162999980897,0,0,0,0.912753537119969,-0.187841615362914,-0.35531613275981,0.073122867924131,3.39109420270213,-0.528066400217789,-0.670223401765537
4.58,1.40749035683289,-0.518624040536525,1,1.38299744143073,3.75330761822103,0,-10.0088203152561,3.68799317714862,0,0,0,0.913257724168764,-0.165994720035499,-0.366032484326012,0.066530463582881,3.39109420270213,-0.479393617186108,-0.702957091805768
4.6,1.43313590504587,-0.44285604621406,1,1.18094945657083,3.82169574678899,0,-10.191188658104,3.14919855085554,0,0,0,0.913787568453398,-0.143075940308748,-0.375583947961442,0.058806913526309,3.39109420270213,-0.424126546483685,-0.733643406640593
4.62,1.45470594397967,-0.365828671033624,1,0.97554312275633,3.87921585061244,0,-10.3445756016332,2.60144832735021,0,0,0,0.914310147847836,-0.119170409096027,-0.383839081201252,0.050029260247704,3.39109420270213,-0.361971368865196,-0.761450257814558
4.64,1.47213913339884,-0.287760963154706,1,0.767362568412549,3.92570435573023,0,-10.4685449486139,2.04630018243346,0,0,0,0.914790100831108,-0.094393676806977,-0.390671038650673,0.040311843915598,3.39109420270213,-0.292972061751427,-0.785464421723422
4.66,1.48538589731761,-0.208874929203987,1,0.556999811210633,3.96102905951362,0,-10.562744158703,1.48533282989502,0,0,0,0.915192622940762,-0.068892090930422,-0.395964526780834,0.029806647803336,3.39109420270213,-0.217647396170094,-0.804754904824835
4.68,1.49440856498257,-0.129394902939518,1,0.345053074505382,3.98508950662019,0,-10.6269053509872,0.920141532014353,0,0,0,0.915486899388376,-0.042840615111368,-0.399623207982739,0.018700545091575,3.39109420270213,-0.137090041297284,-0.818464382853276
4.7,1.49918147799968,-0.049546907297019,1,0.132125086125383,3.99781727466581,0,-10.6608460657755,0.352333563001021,0,0,0,0.915649497148418,-0.016437822554782,-0.401576673440071,0.007209140747311,3.39109420270213,-0.052972878975304,-0.825917358455413
4.72,1.49969106330079,0.030441988367405,1,-0.081178635646413,3.99917616880209,0,-10.6644697834722,-0.216476361723768,0,0,0,0.915667147963954,0.010101741480678,-0.401785989651946,-0.004432547576974,3.39109420270213,0.032578948187383,-0.826721618894676
4.74,1.49593587174236,0.110344314010361,1,-0.294251504027631,3.9891623246463,0,-10.6377661990568,-0.784670677407015,0,0,0,0.915538397910144,0.036557122374204,-0.400246928114699,-0.015981717385516,3.39109420270213,0.117244415373066,-0.82083374120346
